Title,URL,Abstract,Year,Keywords
Hiring tradeswomen - a best practice guide for employers,https://www.nsw.gov.au//departments-and-agencies/behavioural-insights-unit/blog/hiring-tradeswomen-%E2%80%93-a-best-practice-guide-for-employers,,2024,
Customers the ultimate winners after Behaviour Smart Bootcamp,https://www.nsw.gov.au//departments-and-agencies/behavioural-insights-unit/blog/customers-ultimate-winners-after-behaviour-smart-bootcamp,,2023,
Behavioural Insights in Practice: the Legal Aid NSW immersion program,https://www.nsw.gov.au//departments-and-agencies/behavioural-insights-unit/blog/behavioural-insights-practice-legal-aid-nsw-immersion-program,,2023,
Six ways to increase voluntary participation in justice programs,https://www.nsw.gov.au//departments-and-agencies/behavioural-insights-unit/blog/six-ways-to-increase-voluntary-participation-justice-programs,,2023,
A graduate's experience in the NSW Behavioural Insights Unit,https://www.nsw.gov.au//departments-and-agencies/behavioural-insights-unit/blog/a-graduates-experience-nsw-behavioural-insights-unit,,2023,
How to use behavioural insights when implementing organisational change,https://www.nsw.gov.au//departments-and-agencies/behavioural-insights-unit/blog/how-to-use-behavioural-insights-when-implementing-organisational-change,,2023,
Behavioural insights in practice: a lesson from libraries,https://www.nsw.gov.au//departments-and-agencies/behavioural-insights-unit/blog/behavioural-insights-practice-a-lesson-from-libraries,,2023,
Using behavioural insights to support customers in distress,https://www.nsw.gov.au//departments-and-agencies/behavioural-insights-unit/blog/using-behavioural-insights-to-support-customers-distress,,2023,
Encouraging more women to become tradies,https://www.nsw.gov.au//departments-and-agencies/behavioural-insights-unit/blog/encouraging-more-women-to-become-tradies,,2022,
Behaviour Smart Bootcamp,https://www.nsw.gov.au//departments-and-agencies/behavioural-insights-unit/blog/capitalise-on-bius-insights-behaviour-smart-bootcamp,,2022,
Sludge-a-thon tackles customer frictions,https://www.nsw.gov.au//departments-and-agencies/behavioural-insights-unit/blog/sludge-a-thon-returns-to-bust-more-sludge,,2022,
Latest sludge guides set to boost customer engagement,https://www.nsw.gov.au//departments-and-agencies/behavioural-insights-unit/blog/sludge-guides-boost-engagement,,2022,
5 tips to maximise the impact of government text messages,https://www.nsw.gov.au//departments-and-agencies/behavioural-insights-unit/blog/maximise-text-message-impact,,2022,
Increasing take up of training in disability awareness,https://www.nsw.gov.au//departments-and-agencies/behavioural-insights-unit/blog/increasing-take-up-of-training-disability-awareness,,2022,
Text service gives a boost to apprentices and employers,https://www.nsw.gov.au//departments-and-agencies/behavioural-insights-unit/blog/text-service-gives-a-boost-to-apprentices-and-employers,,2022,
Gamifying cyber security education proves a win,https://www.nsw.gov.au//departments-and-agencies/behavioural-insights-unit/blog/gamifying-cyber-security-education-proves-a-win,,2022,
The world’s first sludge-a-thon to eliminate sludge and improve customer experience ,https://www.nsw.gov.au//departments-and-agencies/behavioural-insights-unit/blog/worlds-first-sludge-a-thon,,2022,
Sludge-a-thon 2022 – Apply today!,https://www.nsw.gov.au//departments-and-agencies/behavioural-insights-unit/blog/expressions-of-interest-open-for-sludge-a-thon-2022,,2022,
Messages from teachers help parents and carers connect with schools,https://www.nsw.gov.au//departments-and-agencies/behavioural-insights-unit/blog/messages-from-teachers-help-parents-connect-schools,,2022,
Helping public servants turn training into impact,https://www.nsw.gov.au//departments-and-agencies/behavioural-insights-unit/blog/helping-public-servants-turn-training-into-impact,,2022,
Teach-back and behavioural communication improved self-isolation while awaiting COVID clinic test results,https://www.nsw.gov.au//departments-and-agencies/behavioural-insights-unit/blog/teach-back-and-behavioural-communication-improved-self-isolation-while-awaiting-covid-clinic-test-results,,2022,
Ten tips for communicating information to customers in an emergency,https://www.nsw.gov.au//departments-and-agencies/behavioural-insights-unit/blog/ten-tips-for-communicating-information-to-customers-an-emergency,,2021,
Supporting the recruitment and retention of people with disability,https://www.nsw.gov.au//departments-and-agencies/behavioural-insights-unit/blog/supporting-recruitment-and-retention-of-people-disability,,2021,
How to consult customers during COVID-19,https://www.nsw.gov.au//departments-and-agencies/behavioural-insights-unit/blog/how-to-consult-customers-during-covid-19,,2021,
Helping frontline staff stay mentally healthy,https://www.nsw.gov.au//departments-and-agencies/behavioural-insights-unit/blog/helping-frontline-staff-stay-mentally-healthy,,2021,
Electrical safety campaign gets spark from behavioural insights,https://www.nsw.gov.au//departments-and-agencies/behavioural-insights-unit/blog/electrical-safety-campaign-gets-spark-from-behavioural-insights,,2021,
Increasing completion of apprenticeships and traineeships using behaviourally informed messages,https://www.nsw.gov.au//departments-and-agencies/behavioural-insights-unit/blog/increasing-completion-of-apprenticeships-and-traineeships,,2021,
Increasing compliance with domestic violence orders,https://www.nsw.gov.au//departments-and-agencies/behavioural-insights-unit/blog/behaviourally-informed-app-design,,2021,
New South Wales - leading the world in fighting sludge,https://www.nsw.gov.au//departments-and-agencies/behavioural-insights-unit/blog/new-south-wales-leading-world-fighting-sludge,,2021,
Using behaviourally-informed reminders cuts missed hospital appointments by more than a third,https://www.nsw.gov.au//departments-and-agencies/behavioural-insights-unit/blog/using-reminders-to-cut-missed-hospital-appointments,,,
Making government easier by eliminating ‘sludge’,https://www.nsw.gov.au//departments-and-agencies/behavioural-insights-unit/blog/making-government-easier-by-eliminating-sludge,,,
How to build behavioural insights skills in your team,https://www.nsw.gov.au//departments-and-agencies/behavioural-insights-unit/blog/how-to-build-behavioural-insights-skills-your-team,,,
How to encourage young people to wear face masks,https://www.nsw.gov.au//departments-and-agencies/behavioural-insights-unit/blog/how-to-encourage-young-people-to-wear-face-masks,,,
Encouraging citizens to collect free trees,https://www.nsw.gov.au//departments-and-agencies/behavioural-insights-unit/blog/encouraging-citizens-to-collect-free-trees,,,
How behavioural insights can help improve responses to COVID-19,https://www.nsw.gov.au//departments-and-agencies/behavioural-insights-unit/blog/improving-responses-to-covid-19,,,
How to increase adherence to procedures in the public service,https://www.nsw.gov.au//departments-and-agencies/behavioural-insights-unit/blog/increasing-adherence-to-public-service-procedures,,,
2020 BIU Report: our project highlights and emerging opportunities,https://www.nsw.gov.au//departments-and-agencies/behavioural-insights-unit/blog/2020-biu-report,,,
Enhancing interaction between government and citizens,https://www.nsw.gov.au//departments-and-agencies/behavioural-insights-unit/blog/enhancing-interaction-between-government-and-citizens,,,
Getting public benefits to the people who need them,https://www.nsw.gov.au//departments-and-agencies/behavioural-insights-unit/blog/getting-public-benefits-to-people-who-need-them,,,
Behavioural insights strategies to help your team work remotely,https://www.nsw.gov.au//departments-and-agencies/behavioural-insights-unit/blog/insights-to-help-your-team-work-remotely,,,
Simple behavioural insights interventions significantly reduce the gender gap in recruitment,https://www.nsw.gov.au//departments-and-agencies/behavioural-insights-unit/blog/reducing-gender-gap-recruitment,,,
Encouraging managers to support flexible working,https://www.nsw.gov.au//departments-and-agencies/behavioural-insights-unit/blog/encouraging-managers-to-support-flexible-working,,,
Building capability in applying and testing behavioural insights,https://www.nsw.gov.au//departments-and-agencies/behavioural-insights-unit/blog/building-capability-applying-and-testing-behavioural-insights,,,
Opportunities to remove gender as a barrier to senior leadership,https://www.nsw.gov.au//departments-and-agencies/behavioural-insights-unit/blog/opportunities-to-remove-gender-as-a-barrier-to-senior-leadership,,,
Increasing apprenticeship course attendance through behavioural interventions,https://www.nsw.gov.au//departments-and-agencies/behavioural-insights-unit/blog/increasing-apprenticeship-course-attendance,,2019,
Reducing missed hospital appointments with better text messages,https://www.nsw.gov.au//departments-and-agencies/behavioural-insights-unit/blog/reducing-missed-hospital-appointments-better-text-messages,,,
SMS reminders to reduce social housing rent arrears,https://www.nsw.gov.au//departments-and-agencies/behavioural-insights-unit/blog/sms-reminders-to-reduce-social-housing-rent-arrears,,,
Helping injured education workers return to work,https://www.nsw.gov.au//departments-and-agencies/behavioural-insights-unit/blog/helping-injured-education-workers-return-to-work,,,
"A guide to reducing the effects of scarcity with simplification, timing and salience",https://www.nsw.gov.au//departments-and-agencies/behavioural-insights-unit/blog/a-guide-to-reducing-effects-of-scarcity,,,
How to increase job applications in regional NSW,https://www.nsw.gov.au//departments-and-agencies/behavioural-insights-unit/blog/how-to-increase-job-applications-regional-nsw,,,
Applying behavioural insights to get trainee teachers to rural and remote NSW,https://www.nsw.gov.au//departments-and-agencies/behavioural-insights-unit/blog/attracting-trainee-teachers-to-rural-and-remote-nsw,,,
Improving domestic violence court attendance,https://www.nsw.gov.au//departments-and-agencies/behavioural-insights-unit/blog/improving-domestic-violence-court-attendance,,,
Encouraging women to apply for senior roles in the Government Sector,https://www.nsw.gov.au//departments-and-agencies/behavioural-insights-unit/blog/promotion-of-women-government,,,
How reframing flexible working can drive up female recruitment,https://www.bi.team/blogs/how-reframing-flexible-working-can-drive-up-female-recruitment/,,2024,
How to show true value in a CV in the gig economy,https://www.bi.team/blogs/how-to-show-true-value-in-a-cv-in-the-gig-economy/,,2024,
“Together for a safer internet”: how and why we should put children and young people at the heart of designing future internet policy,https://www.bi.team/blogs/together-for-a-safer-internet-how-and-why-we-should-put-children-and-young-people-at-the-heart-of-designing-future-internet-policy/,,2024,
Eye robot: Using simulated eye-tracking as a behavioural research technique,https://www.bi.team/blogs/eye-robot-using-simulated-eye-tracking-as-a-behavioural-research-technique/,,2023,
System 2: A human-centred and data-driven approach to tackling disadvantage,https://www.bi.team/blogs/system-2-a-human-centred-and-data-driven-approach-to-tackling-disadvantage/,,2023,
Improving ethical behaviours online  - working with young people to crack the code,https://www.bi.team/blogs/improving-ethical-behaviours-online-working-with-young-people-to-crack-the-code/,,2023,
Australia: A government learning how to learn faster,https://www.bi.team/blogs/australia-a-government-learning-how-to-learn-faster/,,2022,
Parents' critical role in helping teens continue to say “no” to alcohol,https://www.bi.team/blogs/parents-critical-role-in-helping-teens-continue-to-say-no-to-alcohol/,,2022,
Home is where their work is,https://www.bi.team/blogs/home-is-where-their-work-is/,,2022,
Investors are stuck between climate commitments and action,https://www.bi.team/blogs/investors-are-stuck-between-climate-commitments-and-action/,,2022,
Combating panic buying with behavioural insights,https://www.bi.team/blogs/combating-panic-buying-with-behavioural-insights/,,2022,
Encouraging employees to return to the office while maintaining flexibility and choice,https://www.bi.team/blogs/encouraging-employees-to-return-to-the-office-while-maintaining-flexibility-and-choice/,,2022,
Protecting consumers from greenwashing,https://www.bi.team/blogs/there-is-a-growing-epidemic-of-climate-anxiety/,,2022,
Allowing fathers to be present,https://www.bi.team/blogs/allowing-fathers-to-be-present/,,2022,
It pays to try public transport,https://www.bi.team/blogs/it-pays-to-try-public-transport/,,2022,
Changing how young people behave online,https://www.bi.team/blogs/changing-how-young-people-behave-online/,,2022,
Safer Internet Day: 5 behavioural projects to improve online safety,https://www.bi.team/blogs/safer-internet-day-5-behavioural-projects-to-improve-online-safety/,,2022,
Can nudging improve student wellbeing? Results from an RCT in Australia,https://www.bi.team/blogs/can-nudging-improve-student-wellbeing-results-from-an-rct-in-australia/,,2021,
How can we encourage institutional investors to make climate friendly decisions?,https://www.bi.team/blogs/how-can-we-encourage-institutional-investors-to-make-climate-friendly-decisions/,,2021,
What impact does remote working have on workplace sexist and sexually harassing behaviours?,https://www.bi.team/blogs/what-impact-does-remote-working-have-on-workplace-sexist-and-sexually-harassing-behaviours/,,2021,
Applying behavioural insights to public transport pricing complexity,https://www.bi.team/blogs/applying-behavioural-insights-to-public-transport-pricing-complexity/,,2020,
How can we support physical distancing in the office?,https://www.bi.team/blogs/how-can-we-support-physical-distancing-in-the-office/,,2020,
How can we prepare young people for the future of work?,https://www.bi.team/blogs/how-can-we-prepare-young-people-for-the-future-of-work/,,2020,
Speaking to consumers unlocked insights into how we can help them save on energy,https://www.bi.team/blogs/speaking-to-consumers-unlocked-insights-into-how-we-can-help-them-save-on-energy/,,2020,
Beyond disclosure,https://www.bi.team/blogs/beyond-disclosure/,,2019,
How to stop sexual harassment as a bystander,https://www.bi.team/blogs/how-to-stop-sexual-harassment-as-a-bystander/,,2019,
"Singapore super-medics, notes from Down Under, and getting ready for a new PM",https://www.bi.team/blogs/singapore-super-medics-notes-from-down-under-and-getting-ready-for-a-new-pm/,,2019,
Unemployed after 40 years: what next?,https://www.bi.team/blogs/unemployed-after-40-years-what-next/,,2018,